paper_id,title,year,authors,venue,url,L1,L1_label,L2,L2_label,L3,L3_label
ab0634b369ff37412c111c3c3a9386c37ea44237,ANUBIS: a provenance graph-based framework for advanced persistent threat detection,2021,Md. Monowar Anjum; Shahrear Iqbal; B. Hamelin,ACM Symposium on Applied Computing,https://arxiv.org/pdf/2112.11032,0,A. Graph-Based & Provenance APT Detection,0,A.1  Provenance Graphs & Graph Representation Learning,0,A.1.1  Provenance Graph Frameworks & Graph-Level APT Detection
c623059e9c9b2bae4d5661e6e99ddea276f6d07a,AISLE: Self-supervised Representation Learning for the Investigation of Advanced Persistent Threat,2022,Zian Jia; Xiaosu Wang; Yun Xiong; Yao Zhang; Jinjing Zhao,International Conference on Data Science in Cyberspace,https://www.semanticscholar.org/paper/c623059e9c9b2bae4d5661e6e99ddea276f6d07a,0,A. Graph-Based & Provenance APT Detection,0,A.1  Provenance Graphs & Graph Representation Learning,0,A.1.1  Provenance Graph Frameworks & Graph-Level APT Detection
e9b9ade107973b412e37fa9efe9c47808aa1c391,APTHunter: Detecting Advanced Persistent Threats in Early Stages,2022,Moustafa Mahmoud; Mohammad Mannan; Amr M. Youssef,DTRAP,https://dl.acm.org/doi/pdf/10.1145/3559768,0,A. Graph-Based & Provenance APT Detection,0,A.1  Provenance Graphs & Graph Representation Learning,0,A.1.1  Provenance Graph Frameworks & Graph-Level APT Detection
cd15dd0fb1fabbf95a2366805e2df1a8dfe09bd6,Advanced Persistent Threat Detection Using Data Provenance and Metric Learning,2023,Khandakar Ashrafi Akbar; Yigong Wang; G. Ayoade; Y. Gao; A. Singhal; L. Khan; B. Thuraisingham; Kangkook Jee,IEEE Transactions on Dependable and Secure Computing,https://www.semanticscholar.org/paper/cd15dd0fb1fabbf95a2366805e2df1a8dfe09bd6,0,A. Graph-Based & Provenance APT Detection,0,A.1  Provenance Graphs & Graph Representation Learning,0,A.1.1  Provenance Graph Frameworks & Graph-Level APT Detection
bbdda373c072c01bd0e21527a91eba8918f4ca4a,Detect Advanced Persistent Threat In Graph-Level Using Competitive AutoEncoder,2023,Mai Ye; Shiming Men; Lei Xie; Bing Chen,CNCIT,https://www.semanticscholar.org/paper/bbdda373c072c01bd0e21527a91eba8918f4ca4a,0,A. Graph-Based & Provenance APT Detection,0,A.1  Provenance Graphs & Graph Representation Learning,0,A.1.1  Provenance Graph Frameworks & Graph-Level APT Detection
ea63e6d930b67babdda983bfa151058cec43ea6b,MAGIC: Detecting Advanced Persistent Threats via Masked Graph Representation Learning,2023,Zian Jia; Yun Xiong; Yuhong Nan; Yao Zhang; Jinjing Zhao; Mi Wen,USENIX Security Symposium,https://www.semanticscholar.org/paper/ea63e6d930b67babdda983bfa151058cec43ea6b,0,A. Graph-Based & Provenance APT Detection,0,A.1  Provenance Graphs & Graph Representation Learning,0,A.1.1  Provenance Graph Frameworks & Graph-Level APT Detection
50e648253c50d5bac6e7bf4f5c3aec64b3234266,TBDetector: Transformer-Based Detector for Advanced Persistent Threats with Provenance Graph,2023,Nan Wang; Xuezhi Wen; Dalin Zhang; Xibin Zhao; Jiahui Ma; Mengxia Luo; Sen Nie; Shi Wu; Jiqiang Liu,arXiv.org,http://arxiv.org/pdf/2304.02838,0,A. Graph-Based & Provenance APT Detection,0,A.1  Provenance Graphs & Graph Representation Learning,0,A.1.1  Provenance Graph Frameworks & Graph-Level APT Detection
8d8cf95485db26fd1ec9c370a4bf4fda47014f60,LTRDetector: Exploring Long-Term Relationship for Advanced Persistent Threats Detection,2024,Xiaoxiao Liu; Fan Xu; Nan Wang; Qinxin Zhao; Dalin Zhang; Xibin Zhao; Jiqiang Liu,arXiv.org,https://www.semanticscholar.org/paper/8d8cf95485db26fd1ec9c370a4bf4fda47014f60,0,A. Graph-Based & Provenance APT Detection,0,A.1  Provenance Graphs & Graph Representation Learning,0,A.1.1  Provenance Graph Frameworks & Graph-Level APT Detection
c8f220e5ce3dc0f4499c46f587bb57f53b3a420c,APT-CGLP: Advanced Persistent Threat Hunting via Contrastive Graph-Language Pre-Training,2025,Xuebo Qiu; Mingqi Lv; Yimei Zhang; Tieming Chen; Tiantian Zhu; Qijie Song; Shouling Ji,arXiv.org,https://www.semanticscholar.org/paper/c8f220e5ce3dc0f4499c46f587bb57f53b3a420c,0,A. Graph-Based & Provenance APT Detection,0,A.1  Provenance Graphs & Graph Representation Learning,0,A.1.1  Provenance Graph Frameworks & Graph-Level APT Detection
7fb6664fc6bd5964455819c2d6e4a389a797763b,Along Came a Spider: Enabling Effective Cross-Domain Threat Detection via Collaborative Graph Learning,2026,Hao Tang; Cheng Wang; Kunfeng Chen; Changjun Jiang,IEEE Transactions on Mobile Computing,https://www.semanticscholar.org/paper/7fb6664fc6bd5964455819c2d6e4a389a797763b,0,A. Graph-Based & Provenance APT Detection,0,A.1  Provenance Graphs & Graph Representation Learning,0,A.1.1  Provenance Graph Frameworks & Graph-Level APT Detection
01169019f3097e4474ea683a469b4f048343b4c0,Graph-Based Anomaly APT Attack Detection via Threat Intelligence,2026,Chun-I Fan; Cheng-Han Shie; Yi Chang; Tao Ban; Tomohiro Morikawa; Takeshi Takahashi,IEEE Transactions on Emerging Topics in Computing,https://www.semanticscholar.org/paper/01169019f3097e4474ea683a469b4f048343b4c0,0,A. Graph-Based & Provenance APT Detection,0,A.1  Provenance Graphs & Graph Representation Learning,0,A.1.1  Provenance Graph Frameworks & Graph-Level APT Detection
4f57c319e7b5eb4062897c1890934cf393e7f2d6,ProHunter: A Comprehensive APT Hunting System Based on Whole-System Provenance,2026,Xuebo Qiu; Mingqi Lv; Yimei Zhang; Tiantian Zhu; Tieming Chen,Computers &amp; Security,https://www.semanticscholar.org/paper/4f57c319e7b5eb4062897c1890934cf393e7f2d6,0,A. Graph-Based & Provenance APT Detection,0,A.1  Provenance Graphs & Graph Representation Learning,0,A.1.1  Provenance Graph Frameworks & Graph-Level APT Detection
b28d4ff72789d030d5ad94deb4c3f06d273c604c,A spatial-temporal correlation based method for advanced persistent threat detection,2021,Luoli Wang,Journal of Physics: Conference Series,https://doi.org/10.1088/1742-6596/2113/1/012037,1,"D. Broad APT Defense, Intelligence & Reviews",1,D.4  Spatio-Temporal Correlation & Kill-Chain LSTM Detection,1,D.4.1  Spatio-Temporal Correlation & Kill-Chain LSTM Models
b669487122f3ef6f5775d93bbee13c845a895419,Detection of Advanced Persistent Threat based on Kill Chain Node Mapping and LSTM,2021,Juefu Li,EITCE,https://www.semanticscholar.org/paper/b669487122f3ef6f5775d93bbee13c845a895419,1,"D. Broad APT Defense, Intelligence & Reviews",1,D.4  Spatio-Temporal Correlation & Kill-Chain LSTM Detection,1,D.4.1  Spatio-Temporal Correlation & Kill-Chain LSTM Models
1252000c3249e094ac6123106ac54699db819f15,A Hybrid Deep Learning Approach for Advanced Persistent Threat Attack Detection,2021,Meaad Alrehaili; Adel Alshamrani; A. Eshmawi,International Conference on Future Networks and Distributed Systems,https://www.semanticscholar.org/paper/1252000c3249e094ac6123106ac54699db819f15,1,"D. Broad APT Defense, Intelligence & Reviews",2,"B.2  Classical ML, Optimization & Ensemble Methods",2,B.2.3  Bio-Inspired Optimization & Feature-Selected Deep Learning
d2ef691b736985446391b39918265a9b142f833c,Fuzzy inference based feature selection and optimized deep learning for Advanced Persistent Threat attack detection,2023,Anil Kumar; Amandeep Noliya; Ritu Makani,International Journal of Adaptive Control and Signal Processing,https://www.semanticscholar.org/paper/d2ef691b736985446391b39918265a9b142f833c,1,"D. Broad APT Defense, Intelligence & Reviews",2,"B.2  Classical ML, Optimization & Ensemble Methods",2,B.2.3  Bio-Inspired Optimization & Feature-Selected Deep Learning
946a56e40e6710b32dabc2c4d90252125481d061,Hybrid Ensemble and Deep Learning Architectures for Advanced Persistent Threat Detection,2025,Saleeem Ishaq Tijjani; Bogdan Ghita; Nathan Clarke; Matthew Craven,"IEEE Annual Information Technology, Electronics and Mobile Communication Conference",https://www.semanticscholar.org/paper/946a56e40e6710b32dabc2c4d90252125481d061,1,"D. Broad APT Defense, Intelligence & Reviews",2,"B.2  Classical ML, Optimization & Ensemble Methods",2,B.2.3  Bio-Inspired Optimization & Feature-Selected Deep Learning
5f6f7b20b25fcc84bf9447764ecdec868d0ad7cb,Deep Recurrent Hidden Markov Learning Framework for Multi-Stage Advanced Persistent Threat Prediction,2026,Saleem Ishaq Tijjani; Bogdan Ghita; Nathan Clarke; Matthew Craven,arXiv.org,https://www.semanticscholar.org/paper/5f6f7b20b25fcc84bf9447764ecdec868d0ad7cb,1,"D. Broad APT Defense, Intelligence & Reviews",2,"B.2  Classical ML, Optimization & Ensemble Methods",2,B.2.3  Bio-Inspired Optimization & Feature-Selected Deep Learning
2649ad52cc3af96b8f9e228b9af68d2f00796c12,The Influences of Feature Sets on the Detection of Advanced Persistent Threats,2021,Katharina Hofer-Schmitz; U. Kleb; Branka Stojanović,Electronics,https://www.mdpi.com/2079-9292/10/6/704/pdf?version=1616078178,1,"D. Broad APT Defense, Intelligence & Reviews",2,"B.2  Classical ML, Optimization & Ensemble Methods",3,"D.6.2  APT Campaign Profiles, Phishing & Ransomware Analysis"
3009759dac0627c92d6567f1b0428c912144fd19,A Method of Advanced Persistent Threat Data Processing Based on Ensemble Learning,2024,Xuelong Wang; Xin Zheng; Yan Tu,International Conference on the Software Process,https://www.semanticscholar.org/paper/3009759dac0627c92d6567f1b0428c912144fd19,1,"D. Broad APT Defense, Intelligence & Reviews",2,"B.2  Classical ML, Optimization & Ensemble Methods",3,"D.6.2  APT Campaign Profiles, Phishing & Ransomware Analysis"
c6a75cbcaf8376d6c85fa05d12a980acc180f1d1,Defence Mechanism against Advanced Persistent Threat Attack Using Significant Features based Deep Learning Model,2024,S. U; Vinoth Kumar C.N.S.,Journal of Internet Services and Information Security,https://doi.org/10.58346/jisis.2024.i4.016,1,"D. Broad APT Defense, Intelligence & Reviews",2,"B.2  Classical ML, Optimization & Ensemble Methods",3,"D.6.2  APT Campaign Profiles, Phishing & Ransomware Analysis"
87ef33624c125593e3b651f0b5f227df9ab5030d,Detection of Advanced Persistent Threat Attacks With Optimized Deep Learning Framework,2025,Indra Kumari; Hansung Lee,IEEE Access,https://www.semanticscholar.org/paper/87ef33624c125593e3b651f0b5f227df9ab5030d,1,"D. Broad APT Defense, Intelligence & Reviews",2,"B.2  Classical ML, Optimization & Ensemble Methods",3,"D.6.2  APT Campaign Profiles, Phishing & Ransomware Analysis"
36ea0fddef0bd63ef75669c16f0f3d845e247227,OFERCE: Optimized Rule-Based Detection of Malicious URLs,2026,D. Ramadhan; V. Suryani,"Engineering, Technology &amp; Applied Science Research",https://www.semanticscholar.org/paper/36ea0fddef0bd63ef75669c16f0f3d845e247227,1,"D. Broad APT Defense, Intelligence & Reviews",2,"B.2  Classical ML, Optimization & Ensemble Methods",3,"D.6.2  APT Campaign Profiles, Phishing & Ransomware Analysis"
7137e772380271063b2c09bd4ac8f93d8804ef6e,A Hybrid Intelligent Approach to Attribute Advanced Persistent Threat Organization Using PSO-MSVM Algorithm,2022,Yangyang Mei; Weihong Han; Shudong Li; Kaihan Lin; Cui Luo,IEEE Transactions on Network and Service Management,https://www.semanticscholar.org/paper/7137e772380271063b2c09bd4ac8f93d8804ef6e,1,"D. Broad APT Defense, Intelligence & Reviews",2,"B.2  Classical ML, Optimization & Ensemble Methods",4,D.6.4  Deep Packet Inspection & Signature-Based Detection
d64e49bfc3ff295e8cd26928ea94f334faf2468e,Advanced Persistent Threat Detection: A Particle Swarm Optimization Approach,2022,Abdullah Al Mamun; Harith Al-Sahaf; I. Welch; Seyit Ahmet Camtepe,International Telecommunication Networks and Applications Conference,https://www.semanticscholar.org/paper/d64e49bfc3ff295e8cd26928ea94f334faf2468e,1,"D. Broad APT Defense, Intelligence & Reviews",2,"B.2  Classical ML, Optimization & Ensemble Methods",4,D.6.4  Deep Packet Inspection & Signature-Based Detection
c91c2dc479e25c52f4d1e5aebfb4ee47d282e4bb,Hybridizing Base-Line 2D-CNN Model with Cat Swarm Optimization for Enhanced Advanced Persistent Threat Detection,2024,Ali M. Bakhiet; Salah A. Aly,2024 International Telecommunications Conference (ITC-Egypt),https://www.semanticscholar.org/paper/c91c2dc479e25c52f4d1e5aebfb4ee47d282e4bb,1,"D. Broad APT Defense, Intelligence & Reviews",2,"B.2  Classical ML, Optimization & Ensemble Methods",4,D.6.4  Deep Packet Inspection & Signature-Based Detection
c0043d5ad6a91d3af21e6d20f27e9092634dad01,A High-Accuracy Advanced Persistent Threat Detection Model: Integrating Convolutional Neural Networks with Kepler-Optimized Bidirectional Gated Recurrent Units,2025,Guangwu Hu; Maoqi Sun; Chaoqin Zhang,Electronics,https://www.semanticscholar.org/paper/c0043d5ad6a91d3af21e6d20f27e9092634dad01,1,"D. Broad APT Defense, Intelligence & Reviews",2,"B.2  Classical ML, Optimization & Ensemble Methods",4,D.6.4  Deep Packet Inspection & Signature-Based Detection
d878d5157ec9f4074eca342e0fea68be36f16154,A Framework for Advanced Persistent Threat Attribution using Zachman Ontology,2023,Venkata Sai Charan Putrevu; Hrushikesh Chunduri; Mohan Anand Putrevu; S. Shukla,European Interdisciplinary Cybersecurity Conference,https://www.semanticscholar.org/paper/d878d5157ec9f4074eca342e0fea68be36f16154,2,"C. TTP Analysis, Malware Attribution & Simulation",3,"C.1  TTP-Based Attribution, Malware Analysis & Dataset Construction",5,"D.6.3  Multi-Stage Detection, SIEM Rules & Attribution Frameworks"
8e9c49565eb9c53bb999d33f1bc676acf786004c,Chasing the Shadows: TTPs in Action to Attribute Advanced Persistent Threats,2024,Nanda Rani; Bikash Saha; Vikas Maurya; S. K. Shukla,arXiv.org,https://www.semanticscholar.org/paper/8e9c49565eb9c53bb999d33f1bc676acf786004c,2,"C. TTP Analysis, Malware Attribution & Simulation",3,"C.1  TTP-Based Attribution, Malware Analysis & Dataset Construction",5,"D.6.3  Multi-Stage Detection, SIEM Rules & Attribution Frameworks"
0c21bb422bb7fb57c6195954c9d2b037ac3ab64f,"Decoding shadows: Towards Tactics, Techniques, and Procedures (TTP)-based Advanced Persistent Threat (APT) attribution",2025,Nanda Rani; Bikash Saha; Vikas Maurya; S. K. Shukla,Information Security Journal,https://www.semanticscholar.org/paper/0c21bb422bb7fb57c6195954c9d2b037ac3ab64f,2,"C. TTP Analysis, Malware Attribution & Simulation",3,"C.1  TTP-Based Attribution, Malware Analysis & Dataset Construction",5,"D.6.3  Multi-Stage Detection, SIEM Rules & Attribution Frameworks"
68c6c69606ed44f9a7a7db88dba3c84d0c3a0a75,From TTP to IoC: Advanced Persistent Graphs for Threat Hunting,2021,Aimad Berady; M. Jaume; Valérie Viet Triem Tong; Gilles Guette,IEEE Transactions on Network and Service Management,https://hal.inria.fr/hal-03131262/file/Final%20version%20TNSM%20-%20From%20TTP%20to%20IoC%20-%20Advanced%20Persistent%20Graphs%20for%20Threat%20Hunting.pdf,2,"C. TTP Analysis, Malware Attribution & Simulation",3,"C.1  TTP-Based Attribution, Malware Analysis & Dataset Construction",6,"C.1.1  TTP Attribution, RAT Analysis & APT Dataset Construction"
9ccbb84416f7bcd6a180e4a69bbb8d5935f2185b,Defense of Advanced Persistent Threat on Industrial Internet of Things With Lateral Movement Modeling,2023,Jichao Bi; Shibo He; Fengji Luo; Wenchao Meng; Luyue Ji; Da-Wen Huang,IEEE Transactions on Industrial Informatics,https://www.semanticscholar.org/paper/9ccbb84416f7bcd6a180e4a69bbb8d5935f2185b,2,"C. TTP Analysis, Malware Attribution & Simulation",3,"C.1  TTP-Based Attribution, Malware Analysis & Dataset Construction",6,"C.1.1  TTP Attribution, RAT Analysis & APT Dataset Construction"
977c0a75c78587f952182312e797107f97b3782e,RAPTOR: Advanced Persistent Threat Detection in Industrial IoT via Attack Stage Correlation,2023,Ayush Kumar; V. Thing,"Conference on Privacy, Security and Trust",https://arxiv.org/pdf/2301.11524,2,"C. TTP Analysis, Malware Attribution & Simulation",3,"C.1  TTP-Based Attribution, Malware Analysis & Dataset Construction",6,"C.1.1  TTP Attribution, RAT Analysis & APT Dataset Construction"
c9527beea1ac513412f9db0ea8f73d21063874ec,ADAPT: Adaptive Camouflage Based Deception Orchestration For Trapping Advanced Persistent Threats,2024,Venkata Sai Charan Putrevu; Subhasis Mukhopadhyay; Subhajit Manna; Nanda Rani; Ansh Vaid; Hrushikesh Chunduri; Mohan Anand Putrevu; S. Shukla,DTRAP,https://dl.acm.org/doi/pdf/10.1145/3651991,2,"C. TTP Analysis, Malware Attribution & Simulation",3,"C.1  TTP-Based Attribution, Malware Analysis & Dataset Construction",6,"C.1.1  TTP Attribution, RAT Analysis & APT Dataset Construction"
6d47268315959ab431de4316a1363215cfe712f0,Advanced Persistent Threat Group Correlation Analysis via Attack Behavior Patterns and Rough Sets,2024,Jingwen Li; Jianyi Liu; Ru Zhang,Electronics,https://www.mdpi.com/2079-9292/13/6/1106/pdf?version=1710754075,2,"C. TTP Analysis, Malware Attribution & Simulation",3,"C.1  TTP-Based Attribution, Malware Analysis & Dataset Construction",6,"C.1.1  TTP Attribution, RAT Analysis & APT Dataset Construction"
2878f0e7ddb672d101772ba3eeab314cfbaa223b,Aviator: A MITRE Emulation Plan-Derived Living Dataset for Advanced Persistent Threat Detection and Investigation,2024,Qi Liu; Kaibin Bao; V. Hagenmeyer,BigData Congress [Services Society],https://www.semanticscholar.org/paper/2878f0e7ddb672d101772ba3eeab314cfbaa223b,2,"C. TTP Analysis, Malware Attribution & Simulation",3,"C.1  TTP-Based Attribution, Malware Analysis & Dataset Construction",6,"C.1.1  TTP Attribution, RAT Analysis & APT Dataset Construction"
a3cbb0140a0a2171ffc5b923cee0f4b1e182bfc3,Genesis of Cyber Threats: Towards Malware-based Advanced Persistent Threat (APT) Attribution,2024,Nanda Rani; Bikash Saha; Ravi Kumar; S. Shukla,"International Conference on Trust, Privacy and Security in Intelligent Systems and Applications",https://www.semanticscholar.org/paper/a3cbb0140a0a2171ffc5b923cee0f4b1e182bfc3,2,"C. TTP Analysis, Malware Attribution & Simulation",3,"C.1  TTP-Based Attribution, Malware Analysis & Dataset Construction",6,"C.1.1  TTP Attribution, RAT Analysis & APT Dataset Construction"
d716b596ec039f7c798aed7a309a63d09bb5316c,Construction of Domain-Specific Knowledge Graph for Advanced Persistent Threat Behaviour Analysis and Detection,2025,Yitian Yang; Huaming Chen,The Web Conference,https://www.semanticscholar.org/paper/d716b596ec039f7c798aed7a309a63d09bb5316c,2,"C. TTP Analysis, Malware Attribution & Simulation",3,"C.1  TTP-Based Attribution, Malware Analysis & Dataset Construction",6,"C.1.1  TTP Attribution, RAT Analysis & APT Dataset Construction"
29e2aef2d560631c1fc0a4f4d7a27f924721a9af,Investigating Advanced Persistent Threat Tactics in Cloud Environments: A Forensic Study of AWS CloudTrail Log Data,2025,Adeolu Opeyemi Ojo; Mohammed Benmubarak,International Journal of Innovative Science and Research Technology,https://www.semanticscholar.org/paper/29e2aef2d560631c1fc0a4f4d7a27f924721a9af,2,"C. TTP Analysis, Malware Attribution & Simulation",3,"C.1  TTP-Based Attribution, Malware Analysis & Dataset Construction",6,"C.1.1  TTP Attribution, RAT Analysis & APT Dataset Construction"
77a08b505822128dabbcf3b77a1acd472ab7a026,Adaptive Target Device Model Identification Attack in 5G Mobile Network,2026,Shaocong Feng; Baojiang Cui; Junsong Fu; Meiyi Jiang; Shengjia Chang,IEEE Transactions on Network and Service Management,https://www.semanticscholar.org/paper/77a08b505822128dabbcf3b77a1acd472ab7a026,2,"C. TTP Analysis, Malware Attribution & Simulation",3,"C.1  TTP-Based Attribution, Malware Analysis & Dataset Construction",6,"C.1.1  TTP Attribution, RAT Analysis & APT Dataset Construction"
f16d04842c2c54acf305c982e1e520d89094364a,Windows-APT 2025: A dataset for APT-inspired attack scenarios on windows systems.,2026,Maryam Mozaffari; Abbas Yazdinejad; Ali Dehghantanha,Data in Brief,https://www.semanticscholar.org/paper/f16d04842c2c54acf305c982e1e520d89094364a,2,"C. TTP Analysis, Malware Attribution & Simulation",3,"C.1  TTP-Based Attribution, Malware Analysis & Dataset Construction",6,"C.1.1  TTP Attribution, RAT Analysis & APT Dataset Construction"
e3894820e4ae8fe369f2cf0cd194c38e959ea887,A Novel Network Security Situation Awareness Model for Advanced Persistent Threat,2022,Kai Chen; Jingxiang Zhu; Lansheng Han; Shenghui Li; Pengyi Gao,International Conference on Data Science in Cyberspace,https://www.semanticscholar.org/paper/e3894820e4ae8fe369f2cf0cd194c38e959ea887,2,"C. TTP Analysis, Malware Attribution & Simulation",4,D.2  Cybersecurity Knowledge Graphs & Ontology,7,D.2.1  Knowledge Graphs & Ontology-Based APT Attribution
78e0247ed9e8167f98b9cc6cbf4848a7cd6154fe,CSKG4APT: A Cybersecurity Knowledge Graph for Advanced Persistent Threat Organization Attribution,2023,Yitong Ren; Yanjun Xiao; Yinghai Zhou; Zhiyong Zhang; Zhihong Tian,IEEE Transactions on Knowledge and Data Engineering,https://www.semanticscholar.org/paper/78e0247ed9e8167f98b9cc6cbf4848a7cd6154fe,2,"C. TTP Analysis, Malware Attribution & Simulation",4,D.2  Cybersecurity Knowledge Graphs & Ontology,7,D.2.1  Knowledge Graphs & Ontology-Based APT Attribution
85499ac28c97066882c233b4de8f78d2a9ba63da,Cybersecurity Knowledge Graph: Advanced Persistent Threat Organization Attribution,2023,K. Chandra; Ch. Mounika; Iddum Venkata Sai Kumar; P. Dhanivarma; Machineni Mounika,2023 Third International Conference on Ubiquitous Computing and Intelligent Information Systems (ICUIS),https://www.semanticscholar.org/paper/85499ac28c97066882c233b4de8f78d2a9ba63da,2,"C. TTP Analysis, Malware Attribution & Simulation",4,D.2  Cybersecurity Knowledge Graphs & Ontology,7,D.2.1  Knowledge Graphs & Ontology-Based APT Attribution
6fc41a3d23ba7d9fa114836bad626f679770e16f,An Effective Threat Detection Framework for Advanced Persistent Cyberattacks,2023,S. Jeon; Sun-Jin Lee; Eun-young Lee; Yeon-Ji Lee; Jung-Hwa Ryu; Jung-Hyun Moon; Sun Yi; I. Lee,"Computers, Materials &amp; Continua",https://www.techscience.com/cmc/v75n2/52043/pdf,2,"C. TTP Analysis, Malware Attribution & Simulation",4,D.2  Cybersecurity Knowledge Graphs & Ontology,8,"D.3.1  IDS Frameworks, Elastic Security & Open-Source Evaluation"
e52e3c2ce0f3dda32f2ff2f8960f2187461161b7,Performance evaluation of a fast and efficient intrusion detection framework for advanced persistent threat-based cyberattacks,2023,Na-Eun Park; Yu-Rim Lee; Soyoung Joo; So-Yeon Kim; So-Hui Kim; Ju-young Park; Seo-Yi Kim; Il-Gu Lee,Computers & electrical engineering,https://doi.org/10.1016/j.compeleceng.2022.108548,2,"C. TTP Analysis, Malware Attribution & Simulation",4,D.2  Cybersecurity Knowledge Graphs & Ontology,8,"D.3.1  IDS Frameworks, Elastic Security & Open-Source Evaluation"
4f315c62ec9fdeae84917203ecd58710844a46b2,Performance Evaluation Elastic Security as Open Source Endpoint Detection and Response for Advanced Persistent Threat Cyberattack,2024,Zegar Pradipta Putra; Ruki Harwahyu; Evans Hebert,"International Journal of Electrical, Computer, and Biomedical Engineering",https://www.semanticscholar.org/paper/4f315c62ec9fdeae84917203ecd58710844a46b2,2,"C. TTP Analysis, Malware Attribution & Simulation",4,D.2  Cybersecurity Knowledge Graphs & Ontology,8,"D.3.1  IDS Frameworks, Elastic Security & Open-Source Evaluation"
4f07d7e91a441f56167342f4d00a5daede99ceef,An Advanced Persistent Threat (APT)-Style Cyberattack Testbed for Distributed Energy Resources (DER),2021,Kyuchan Park; Bohyun Ahn; Jinsan Kim; D. Won; Youngtae Noh; Jinchun Choi; Taesic Kim,2021 IEEE Design Methodologies Conference (DMC),https://www.semanticscholar.org/paper/4f07d7e91a441f56167342f4d00a5daede99ceef,3,B. Machine Learning-Based APT Detection,5,"D.5  ICS, OT & Power Grid APT Attacks and Testbeds",9,D.5.1  APT Cyberattack Testbeds for Power/DER Systems
7286ebf3f1696f0a26df29d2077dea56daa241f6,Advanced Persistent Threat (APT)-Style Attack Modeling and Testbed for Power Transformer Diagnosis System in a Substation,2022,Seerin Ahmad; Bohyun Ahn; Syed. R. B. Alvee; Daniela Trevino; Taesic Kim; Y. Youn; Myung-Hyo Ryu,IEEE PES Innovative Smart Grid Technologies Conference,https://www.semanticscholar.org/paper/7286ebf3f1696f0a26df29d2077dea56daa241f6,3,B. Machine Learning-Based APT Detection,5,"D.5  ICS, OT & Power Grid APT Attacks and Testbeds",9,D.5.1  APT Cyberattack Testbeds for Power/DER Systems
fd45ec10b6f902835d52ee7a32cbb49488a230c7,Two-stage advanced persistent threat (APT) attack on an IEC 61850 power grid substation,2024,Aida Akbarzadeh; László Erdődi; S. Houmb; Tore Geir Soltvedt,International Journal of Information Security,https://link.springer.com/content/pdf/10.1007/s10207-024-00856-6.pdf,3,B. Machine Learning-Based APT Detection,5,"D.5  ICS, OT & Power Grid APT Attacks and Testbeds",10,"D.5.2  Power Grid, Cyber-Physical & 5G APT Detection"
7c50010be0072992e1b6aa34e7895d7e2d952382,A Hybrid Sampling-Based Method for Enhancing Advanced Persistent Threat Detection in Power Grids,2025,Lincheng Li; Haohui Su; Xuan Zhang,2025 5th International Conference on Smart Grid and Energy Internet (SGEI),https://www.semanticscholar.org/paper/7c50010be0072992e1b6aa34e7895d7e2d952382,3,B. Machine Learning-Based APT Detection,5,"D.5  ICS, OT & Power Grid APT Attacks and Testbeds",10,"D.5.2  Power Grid, Cyber-Physical & 5G APT Detection"
fff08d32e8f06bef75fb05c721a1eaee23dad3cd,Advanced Persistent Threat attack targeting modern 5G Indus-trial Control System. A case study,2025,Przemysław Bereziński,Przeglad Elektrotechniczny,https://www.semanticscholar.org/paper/fff08d32e8f06bef75fb05c721a1eaee23dad3cd,3,B. Machine Learning-Based APT Detection,5,"D.5  ICS, OT & Power Grid APT Attacks and Testbeds",10,"D.5.2  Power Grid, Cyber-Physical & 5G APT Detection"
9ee686eaaf7f73e5f4d600021c4b9343ef1c312c,Spatio-Temporal Advanced Persistent Threat Detection and Correlation for Cyber-Physical Power Systems Using Enhanced GC-LSTM,2025,Alfan Presekal; Alexandru Ştefanov; Ioannis Semertzis; Peter Palensky,IEEE Transactions on Smart Grid,https://www.semanticscholar.org/paper/9ee686eaaf7f73e5f4d600021c4b9343ef1c312c,3,B. Machine Learning-Based APT Detection,5,"D.5  ICS, OT & Power Grid APT Attacks and Testbeds",10,"D.5.2  Power Grid, Cyber-Physical & 5G APT Detection"
399e952b3f6d2af8bf2ec5df175d50415935ed73,Towards Proactive Cybersecurity in Smart Grids: Behavioral Advanced Persistent Threat Detection via Adversarial and Autoencoder Architectures,2025,Lahcen Hassine; Yassine Loukili; H. Chaibi; Younes Ledmaoui; R. Saadane; A. Chehri,International Conference on Wireless Networks and Mobile Communications,https://www.semanticscholar.org/paper/399e952b3f6d2af8bf2ec5df175d50415935ed73,3,B. Machine Learning-Based APT Detection,5,"D.5  ICS, OT & Power Grid APT Attacks and Testbeds",10,"D.5.2  Power Grid, Cyber-Physical & 5G APT Detection"
56e46b45c9696578bf17b7b3dfde9af6aed28d5e,A Cyber Kill Chain Approach for Detecting Advanced Persistent Threats,2021,Yussuf Ahmed; A. Asyhari; Md Arafatur Rahman,Computers Materials & Continua,https://doi.org/10.32604/cmc.2021.014223,3,B. Machine Learning-Based APT Detection,6,"D.6  APT Surveys, Systematic Reviews & Broad Detection Studies",11,"B.2.1  Kill Chain, IoT ML & Anomaly-Based Detection"
9e7f87f834d7e0df52524bb660829c040e881c2c,An Intelligent System to Detect Advanced Persistent Threats in Industrial Internet of Things (I-IoT),2022,Safdar Hussain Javed; M. Ahmad; Muhammad Asif; Sultan H. Almotiri; Khalid Masood; Mohammad A. Al Ghamdi,Electronics,https://www.mdpi.com/2079-9292/11/5/742/pdf?version=1646035405,3,B. Machine Learning-Based APT Detection,6,"D.6  APT Surveys, Systematic Reviews & Broad Detection Studies",11,"B.2.1  Kill Chain, IoT ML & Anomaly-Based Detection"
2bbfa6fa98c377b6ee8e084dafb0e8a90bc668c8,Exploring the vulnerability in the inference phase of advanced persistent threats,2022,Qi Wu; Qiang Li; Dong Guo; Xiangyu Meng,Int. J. Distributed Sens. Networks,https://journals.sagepub.com/doi/pdf/10.1177/15501329221080417,3,B. Machine Learning-Based APT Detection,6,"D.6  APT Surveys, Systematic Reviews & Broad Detection Studies",11,"B.2.1  Kill Chain, IoT ML & Anomaly-Based Detection"
67f5f7bd79362f3bd562cb0be5de7d49b1276576,Machine Learning-Enabled IoT Security: Open Issues and Challenges Under Advanced Persistent Threats,2022,Zhiyan Chen; Jinxin Liu; Yuling Shen; Murat Simsek; B. Kantarci; H. Mouftah; P. Djukic,ACM Computing Surveys,https://arxiv.org/pdf/2204.03433,3,B. Machine Learning-Based APT Detection,6,"D.6  APT Surveys, Systematic Reviews & Broad Detection Studies",11,"B.2.1  Kill Chain, IoT ML & Anomaly-Based Detection"
d6f23e4dbe8bfdd11543f1f17941306c88e9c61d,Prior Knowledge based Advanced Persistent Threats Detection for IoT in a Realistic Benchmark,2022,Jinxin Liu; Yuling Shen; Murat Simsek; B. Kantarci; H. Mouftah; Mehran Bagheri; P. Djukic,Global Communications Conference,https://arxiv.org/pdf/2208.05089,3,B. Machine Learning-Based APT Detection,6,"D.6  APT Surveys, Systematic Reviews & Broad Detection Studies",11,"B.2.1  Kill Chain, IoT ML & Anomaly-Based Detection"
bcf201bfeb7b41322822f9612eba0de90818e3d1,Neurosymbolic Learning for Advanced Persistent Threat Detection under Extreme Class Imbalance,2026,Quhura Fathima; Neda Moghim; M. T. Firouzjaee; C. K. Thomas; Ross J. Gore; Walid Saad,arXiv.org,https://www.semanticscholar.org/paper/bcf201bfeb7b41322822f9612eba0de90818e3d1,3,B. Machine Learning-Based APT Detection,6,"D.6  APT Surveys, Systematic Reviews & Broad Detection Studies",11,"B.2.1  Kill Chain, IoT ML & Anomaly-Based Detection"
f011b9d21de16783e6ec363851c52c0a86c14876,"Advanced Persistent Threats and Nigeria’s Critical Infrastructure: Assessing Vulnerabilities, Attack Patterns, and National Security Implications December 2022",2022,Joseph Dzomon,International Journal of Frontiers in Science and Technology Research,https://www.semanticscholar.org/paper/f011b9d21de16783e6ec363851c52c0a86c14876,3,B. Machine Learning-Based APT Detection,7,"D.3  IDS Framework Evaluation, SIEM & Benchmarking",12,D.6.1  Mobile Device Security & Systematic Literature Reviews
98735023ac606dae4960b5fc8cf6ebee7fc437c8,Challenges and Peculiarities of Attack Detection in Virtual Power Plants : Towards an Advanced Persistent Threat Detection System,2022,Robin Buchta; Felix Heine; Carsten Kleiner,Scalable Trusted Computing,https://www.semanticscholar.org/paper/98735023ac606dae4960b5fc8cf6ebee7fc437c8,3,B. Machine Learning-Based APT Detection,7,"D.3  IDS Framework Evaluation, SIEM & Benchmarking",12,D.6.1  Mobile Device Security & Systematic Literature Reviews
818305f6c8c967deec8f6790c0ba393129aeac91,Exploration of Mobile Device Behavior for Mitigating Advanced Persistent Threats (APT): A Systematic Literature Review and Conceptual Framework,2022,Thulfiqar Jabar; M. Singh,Italian National Conference on Sensors,https://www.mdpi.com/1424-8220/22/13/4662/pdf?version=1656326769,3,B. Machine Learning-Based APT Detection,7,"D.3  IDS Framework Evaluation, SIEM & Benchmarking",12,D.6.1  Mobile Device Security & Systematic Literature Reviews
e1ca851fb51fccc8fc912771f881174e23844ec5,A Systematic Literature Review and a Conceptual Framework Proposition for Advanced Persistent Threats (APT) Detection for Mobile Devices Using Artificial Intelligence Techniques,2023,Amjed Ahmed Al-Kadhimi; M. Singh; M. Khalid,Applied Sciences,https://www.mdpi.com/2076-3417/13/14/8056/pdf?version=1689054824,3,B. Machine Learning-Based APT Detection,7,"D.3  IDS Framework Evaluation, SIEM & Benchmarking",12,D.6.1  Mobile Device Security & Systematic Literature Reviews
a96405c934160861223afbc212056fddadf1a67b,A systematic literature review on advanced persistent threat behaviors and its detection strategy,2024,Nurul Mat; Norziana Jamil; Yunus Yusoff; M. L. M. Kiah,Journal of Cybersecurity,https://academic.oup.com/cybersecurity/article-pdf/10/1/tyad023/54934422/tyad023.pdf,3,B. Machine Learning-Based APT Detection,7,"D.3  IDS Framework Evaluation, SIEM & Benchmarking",12,D.6.1  Mobile Device Security & Systematic Literature Reviews
96bc589521b3ba4a99ad1797bde84afc24928cfa,"Advanced Persistent Threat Attack Detection Systems: A Review of Approaches, Challenges, and Trends",2024,Robin Buchta; Georgios Gkoktsis; Felix Heine; Carsten Kleiner,Digital Threats: Research and Practice,https://doi.org/10.1145/3696014,3,B. Machine Learning-Based APT Detection,7,"D.3  IDS Framework Evaluation, SIEM & Benchmarking",12,D.6.1  Mobile Device Security & Systematic Literature Reviews
1d69d0cb0dec920e1fec7b8044a6032f37610131,Investigation of Machine Learning-Inspired Security Controls Used in Protecting Health Critical Infrastructure from Advanced Persistent Threat Attacks: Review,2024,M. Morolong; Attlee M. Gamundani; F. B. Shava,2024 International Conference on Emerging Trends in Networks and Computer Communications (ETNCC),https://www.semanticscholar.org/paper/1d69d0cb0dec920e1fec7b8044a6032f37610131,3,B. Machine Learning-Based APT Detection,7,"D.3  IDS Framework Evaluation, SIEM & Benchmarking",12,D.6.1  Mobile Device Security & Systematic Literature Reviews
41587b78e98a711882076e7bfe379e7124a265d8,A Survey of Advanced Persistent Threats Attack and Defense,2021,Yangyang Mei; Weihong Han; Shudong Li; Xiaobo Wu,International Conference on Data Science in Cyberspace,https://www.semanticscholar.org/paper/41587b78e98a711882076e7bfe379e7124a265d8,3,B. Machine Learning-Based APT Detection,7,"D.3  IDS Framework Evaluation, SIEM & Benchmarking",13,"B.2.2  Belief-Rule, Ensemble & Multi-Source Feature Fusion"
454535e78805cd04090440f7de3771b36adc423c,Advanced Persistent Threat Detection and Defence (APT),2021,Hassan Adeyoola,Unknown Venue,https://doi.org/10.20944/preprints202106.0621.v1,3,B. Machine Learning-Based APT Detection,7,"D.3  IDS Framework Evaluation, SIEM & Benchmarking",13,"B.2.2  Belief-Rule, Ensemble & Multi-Source Feature Fusion"
ffffd7609b92b935bf987d5d39cc5f722f0ec620,Advanced Persistent Threat Detection: A Survey,2021,Adam Khalid; A. Zainal; Mohd Aizaini Maarof; Fuad A. Ghaleb,"International Conference on Cybernetics, Robotics and Control",https://www.semanticscholar.org/paper/ffffd7609b92b935bf987d5d39cc5f722f0ec620,3,B. Machine Learning-Based APT Detection,7,"D.3  IDS Framework Evaluation, SIEM & Benchmarking",13,"B.2.2  Belief-Rule, Ensemble & Multi-Source Feature Fusion"
8e958366c0e5242a50da12cab839ba4420f7e02c,DMAPT: Study of Data Mining and Machine Learning Techniques in Advanced Persistent Threat Attribution and Detection,2021,P. Charan; P. Anand; S. Shukla,Artificial Intelligence,https://doi.org/10.5772/intechopen.99291,3,B. Machine Learning-Based APT Detection,7,"D.3  IDS Framework Evaluation, SIEM & Benchmarking",13,"B.2.2  Belief-Rule, Ensemble & Multi-Source Feature Fusion"
7d006306c329d287c338d3dc9281502177b7b780,Detection of Advanced Persistent Threats using Artificial Intelligence for Deep Packet Inspection,2021,A. Dijk,2021 IEEE International Conference on Big Data (Big Data),https://www.semanticscholar.org/paper/7d006306c329d287c338d3dc9281502177b7b780,3,B. Machine Learning-Based APT Detection,7,"D.3  IDS Framework Evaluation, SIEM & Benchmarking",13,"B.2.2  Belief-Rule, Ensemble & Multi-Source Feature Fusion"
cd407ba05124e23daf49cda956247697a88af2e9,SBI Model for the Detection of Advanced Persistent Threat Based on Strange Behavior of Using Credential Dumping Technique,2021,Nachaat Mohamed; B. Belaton,IEEE Access,https://ieeexplore.ieee.org/ielx7/6287639/9312710/09380629.pdf,3,B. Machine Learning-Based APT Detection,7,"D.3  IDS Framework Evaluation, SIEM & Benchmarking",13,"B.2.2  Belief-Rule, Ensemble & Multi-Source Feature Fusion"
80140b430086b86bc06b7e9036633a28f5f9c654,Advanced Persistent Threat Attack Detection using Clustering Algorithms,2022,Ahmed Alsanad; S. Altuwaijri,International Journal of Advanced Computer Science and Applications,http://thesai.org/Downloads/Volume13No9/Paper_76-Advanced_Persistent_Threat_Attack_Detection.pdf,3,B. Machine Learning-Based APT Detection,7,"D.3  IDS Framework Evaluation, SIEM & Benchmarking",13,"B.2.2  Belief-Rule, Ensemble & Multi-Source Feature Fusion"
31663f4aefe20a839b3c3f4c24b1574260af6315,Malicious Code Classification Method of Advanced Persistent Threat Based on Asm2Vec,2022,Kaijie Liu; Hu Wei; Jianyi Liu; Cheng Jie; Yating Gao; Pang Jin,International Conference on Critical Infrastructure Protection,https://www.semanticscholar.org/paper/31663f4aefe20a839b3c3f4c24b1574260af6315,3,B. Machine Learning-Based APT Detection,7,"D.3  IDS Framework Evaluation, SIEM & Benchmarking",13,"B.2.2  Belief-Rule, Ensemble & Multi-Source Feature Fusion"
62e51a69a0c4f5aab15bc7ed257f548c47a6b591,Phishing and Advanced Persistent Threats,2022,Pedro Brandao; Henrique S. Mamede,Journal of Mathematical &amp; Computer Applications,https://doi.org/10.47363/jmca/2022(1)105,3,B. Machine Learning-Based APT Detection,7,"D.3  IDS Framework Evaluation, SIEM & Benchmarking",13,"B.2.2  Belief-Rule, Ensemble & Multi-Source Feature Fusion"
23ecc2e459761422dc9ea2fa72da006bd0c090e7,Analysis of cyber attacks such as APT (Advanced Persistent Threat) and ransomware,2023,Darius-Antoniu Ferenț,Intelligence Info,https://doi.org/10.58679/ii70307,3,B. Machine Learning-Based APT Detection,7,"D.3  IDS Framework Evaluation, SIEM & Benchmarking",13,"B.2.2  Belief-Rule, Ensemble & Multi-Source Feature Fusion"
af7b81220f0f60e590f3698484e77249e66c88bc,DETECTION OF ADVANCED PERSISTENT THREATS USING SIEM RULESETS,2023,Adem Şi̇mşek; A. Koltuksuz,PIRETC-Proceeding of The International Research Education &amp; Training Centre,https://zenodo.org/records/10035180/files/PIRETC-28(06).07.2023.pdf,3,B. Machine Learning-Based APT Detection,7,"D.3  IDS Framework Evaluation, SIEM & Benchmarking",13,"B.2.2  Belief-Rule, Ensemble & Multi-Source Feature Fusion"
634eddf015da31088df24df2373d5bef567bb642,E-APTDetect: Early Advanced Persistent Threat Detection in Critical Infrastructures with Dynamic Attestation,2023,B. Genge; P. Haller; Adrian S. Roman,Applied Sciences,https://www.mdpi.com/2076-3417/13/6/3409/pdf?version=1678257073,3,B. Machine Learning-Based APT Detection,7,"D.3  IDS Framework Evaluation, SIEM & Benchmarking",13,"B.2.2  Belief-Rule, Ensemble & Multi-Source Feature Fusion"
4396d41ca5e675c591931f215b204913d4d8be13,Investigating Initial Access Strategies and Malware Deployment Tactics Used by Iranian Advanced Persistent Threat Groups,2023,Ryan Simons,BigData Congress [Services Society],https://www.semanticscholar.org/paper/4396d41ca5e675c591931f215b204913d4d8be13,3,B. Machine Learning-Based APT Detection,7,"D.3  IDS Framework Evaluation, SIEM & Benchmarking",13,"B.2.2  Belief-Rule, Ensemble & Multi-Source Feature Fusion"
1c7fbc8019523977f1dae58f2da7ca5cda164c4e,Advanced Persistent Threat (APT) and Remote Access Trojan (RAT) Simulation and Mitigation,2025,B. S. Kiruthika Devi; Subramanyam Challa; B. K,"2025 7th International Conference on Signal Processing, Computing and Control (ISPCC)",https://www.semanticscholar.org/paper/1c7fbc8019523977f1dae58f2da7ca5cda164c4e,3,B. Machine Learning-Based APT Detection,7,"D.3  IDS Framework Evaluation, SIEM & Benchmarking",13,"B.2.2  Belief-Rule, Ensemble & Multi-Source Feature Fusion"
31bfb3e1a9eff4b834443acc358d1178db979616,Deep Learning in Wazuh Intrusion Detection System to Identify Advanced Persistent Threat (APT) Attacks,2025,Budi Wibowo; Aji Nurrohman; Luqman Hafiz,International Journal of Science Education and Cultural Studies,https://www.semanticscholar.org/paper/31bfb3e1a9eff4b834443acc358d1178db979616,3,B. Machine Learning-Based APT Detection,7,"D.3  IDS Framework Evaluation, SIEM & Benchmarking",13,"B.2.2  Belief-Rule, Ensemble & Multi-Source Feature Fusion"
570d817e404ee9a8a544aa57e3a7ca0e9473f27d,Transformer Models and Data Augmentation for Multi-Label Advanced Persistent Threat Entity Recognition,2025,I. Nyoman; Buda Hartawan; Tohari Ahmad; R. Ijtihadie,2025 15th International Conference on Information & Communication Technology and System (ICTS),https://www.semanticscholar.org/paper/570d817e404ee9a8a544aa57e3a7ca0e9473f27d,3,B. Machine Learning-Based APT Detection,7,"D.3  IDS Framework Evaluation, SIEM & Benchmarking",13,"B.2.2  Belief-Rule, Ensemble & Multi-Source Feature Fusion"
b6c4c832561b1d22510747e2085a712cef7e7fd2,"Escalating Cyber Threats: Analyzing Trends, Risks, and Countermeasures in Critical Sectors",2026,Muhammad Imran Ghafoor; Muhammad Sohaib Roomi; Mehmood Baryalai; Zubair Zaland; Iqra Tabassum; Ali Sohail,The Asian Bulletin of Big Data Management,https://www.semanticscholar.org/paper/b6c4c832561b1d22510747e2085a712cef7e7fd2,3,B. Machine Learning-Based APT Detection,7,"D.3  IDS Framework Evaluation, SIEM & Benchmarking",13,"B.2.2  Belief-Rule, Ensemble & Multi-Source Feature Fusion"
1b3faedbc1abd7e79dfd2568cdf049e5f444134e,Integrated Threat Modeling Framework for Software Supply Chain Security,2026,Piotr Kontowicz,Journal of Eastern Europe Research in Business & Economics,https://www.semanticscholar.org/paper/1b3faedbc1abd7e79dfd2568cdf049e5f444134e,3,B. Machine Learning-Based APT Detection,7,"D.3  IDS Framework Evaluation, SIEM & Benchmarking",13,"B.2.2  Belief-Rule, Ensemble & Multi-Source Feature Fusion"
84acb1c187e63effaa45c691ebaede1eb7f78724,Warning-Graph: An Early Warning Framework for APT Attacks Based on Threat Intelligence Modeling,2026,Sanfeng Zhang; Yan Wang; Zhen Zhang; Qingyu Hao; Yujie Hou; Wang Yang; Linfeng Liu,IEEE Transactions on Dependable and Secure Computing,https://www.semanticscholar.org/paper/84acb1c187e63effaa45c691ebaede1eb7f78724,3,B. Machine Learning-Based APT Detection,7,"D.3  IDS Framework Evaluation, SIEM & Benchmarking",13,"B.2.2  Belief-Rule, Ensemble & Multi-Source Feature Fusion"
9ad5eb5d519b4a44450037df1f1768d8a34f255a,Deep Reinforcement Learning for Advanced Persistent Threat Detection in Wireless Networks,2023,Kazeem Saheed; Shagufta Henna,Irish Conference on Artificial Intelligence and Cognitive Science,https://www.semanticscholar.org/paper/9ad5eb5d519b4a44450037df1f1768d8a34f255a,3,B. Machine Learning-Based APT Detection,8,"B.1  Advanced DL, GNN, Federated & Reinforcement Learning",14,D.6.5  Survey-Based Defense Frameworks & Trend Analysis
49aeb53b32d376d9bceb7c472f85dbc12bdcc48e,Graph Neural Network Framework for Advanced Persistent Threat Detection in IIoT Environments,2025,Kaouthar Merzouki; Youssef Hadi; Hassan Elghazi; Hajar Moudoud; Zakaria Abou El Houda,International Conference on Advanced Communication Technologies and Networking,https://www.semanticscholar.org/paper/49aeb53b32d376d9bceb7c472f85dbc12bdcc48e,3,B. Machine Learning-Based APT Detection,8,"B.1  Advanced DL, GNN, Federated & Reinforcement Learning",14,D.6.5  Survey-Based Defense Frameworks & Trend Analysis
43f0ac51851f074e7b48046e004564c2248f5abf,Integrating Graph Neural Networks and Dynamic Community Characterization for Advanced Persistent Threat Detection and Attack Provenance Reconstruction,2025,Yingchao Wang; Na Li; Dechuan Qiu; Bingyu Cao; Huaxing Xiao; Peng Zhou,International journal of pattern recognition and artificial intelligence,https://www.semanticscholar.org/paper/43f0ac51851f074e7b48046e004564c2248f5abf,3,B. Machine Learning-Based APT Detection,8,"B.1  Advanced DL, GNN, Federated & Reinforcement Learning",14,D.6.5  Survey-Based Defense Frameworks & Trend Analysis
5ef6aba1d1ad9496c5b5f8940892cedbeb1f76bb,Dynamic Adaptive Aggregation and Feature Pyramid Network Enhanced GraphSAGE for Advanced Persistent Threat Detection in Next-Generation Communication Networks,2026,Liang Kou; Xiaochen Pan; Guozhong Dong; Meiyu Wang; Chunyu Miao; Jilin Zhang; Pingxia Duan,IEEE Transactions on Network and Service Management,https://www.semanticscholar.org/paper/5ef6aba1d1ad9496c5b5f8940892cedbeb1f76bb,3,B. Machine Learning-Based APT Detection,8,"B.1  Advanced DL, GNN, Federated & Reinforcement Learning",14,D.6.5  Survey-Based Defense Frameworks & Trend Analysis
fe6ea488803963ebb83a49a4ed7a21e613c37f52,A multi-layer approach for advanced persistent threat detection using machine learning based on network traffic,2021,Cho Do Xuan; Duc Duong; Xuan Dau Hoang,Journal of Intelligent & Fuzzy Systems,https://www.semanticscholar.org/paper/fe6ea488803963ebb83a49a4ed7a21e613c37f52,3,B. Machine Learning-Based APT Detection,8,"B.1  Advanced DL, GNN, Federated & Reinforcement Learning",15,D.1.2  Few-Shot & Privacy-Preserving Traffic Detection
86a241e7b3e8898c61d96fe1ffda1b5fd8f07342,Improved Detection of Advanced Persistent Threats Using an Anomaly Detection Ensemble Approach,2021,Adelaiye Oluwasegun Ishaya; Ajibola Aminat; B. Hashim; Abiona Akeem Adekunle,Unknown Venue,https://astesj.com/?smd_process_download=1&download_id=26572,3,B. Machine Learning-Based APT Detection,8,"B.1  Advanced DL, GNN, Federated & Reinforcement Learning",15,D.1.2  Few-Shot & Privacy-Preserving Traffic Detection
db4d62c594d30739e3c70134ac8af267019de7eb,Poirot: Causal Correlation Aided Semantic Analysis for Advanced Persistent Threat Detection,2021,Jian Yang; Qi Zhang; Xiaofeng Jiang; Shuangwu Chen; Feng Yang,IEEE Transactions on Dependable and Secure Computing,https://www.semanticscholar.org/paper/db4d62c594d30739e3c70134ac8af267019de7eb,3,B. Machine Learning-Based APT Detection,8,"B.1  Advanced DL, GNN, Federated & Reinforcement Learning",15,D.1.2  Few-Shot & Privacy-Preserving Traffic Detection
97b341e28dacf7bcbc68f83192597061bee7bdbe,A Federated Learning Approach for Multi-stage Threat Analysis in Advanced Persistent Threat Campaigns,2024,Florian Nelles; Abbas Yazdinejad; A. Dehghantanha; R. Parizi; Gautam Srivastava,arXiv.org,https://www.semanticscholar.org/paper/97b341e28dacf7bcbc68f83192597061bee7bdbe,3,B. Machine Learning-Based APT Detection,8,"B.1  Advanced DL, GNN, Federated & Reinforcement Learning",15,D.1.2  Few-Shot & Privacy-Preserving Traffic Detection
4190e507be50389fc2a8b65da531e286b87b3b58,A Novel Network Forensic Framework for Advanced Persistent Threat Attack Attribution Through Deep Learning,2024,Yangyang Mei; Weihong Han; Shudong Li; Kaihan Lin; Z. Tian; Shumei Li,IEEE transactions on intelligent transportation systems (Print),https://www.semanticscholar.org/paper/4190e507be50389fc2a8b65da531e286b87b3b58,3,B. Machine Learning-Based APT Detection,8,"B.1  Advanced DL, GNN, Federated & Reinforcement Learning",15,D.1.2  Few-Shot & Privacy-Preserving Traffic Detection
ae23792dc55c3089db45ae934b12c3437cc4fb8a,"A Survey on Advanced Persistent Threat Detection: A Unified Framework, Challenges, and Countermeasures",2024,Bo Zhang; Yansong Gao; Boyu Kuang; Changlong Yu; Anmin Fu; Willy Susilo,ACM Computing Surveys,https://dl.acm.org/doi/pdf/10.1145/3700749,3,B. Machine Learning-Based APT Detection,8,"B.1  Advanced DL, GNN, Federated & Reinforcement Learning",15,D.1.2  Few-Shot & Privacy-Preserving Traffic Detection
4fecd94b0fa81a8f4abdf2f7d414a3f577897dda,Advanced Persistent Threat (APT) Detection Using Context-Aware Machine Learning Models,2025,Bhavanavika R N PG Student; Dr. M. Priya,IEEE International Conference on Circuits and Systems for Communications,https://www.semanticscholar.org/paper/4fecd94b0fa81a8f4abdf2f7d414a3f577897dda,3,B. Machine Learning-Based APT Detection,8,"B.1  Advanced DL, GNN, Federated & Reinforcement Learning",15,D.1.2  Few-Shot & Privacy-Preserving Traffic Detection
ac46a4ecab5c523bd4c7cda98d2719451a7144e4,Advanced Persistent Threat (APT) Detection in Linux Systems Using Machine Learning on the Enhanced DAPT 2020 Dataset,2025,Yogesh Revansiddha Maindargi; Deepak D. Kshirsagar,International Conference on Computing Communication Control and automation,https://www.semanticscholar.org/paper/ac46a4ecab5c523bd4c7cda98d2719451a7144e4,3,B. Machine Learning-Based APT Detection,8,"B.1  Advanced DL, GNN, Federated & Reinforcement Learning",15,D.1.2  Few-Shot & Privacy-Preserving Traffic Detection
932a511dceb5c9f206119bbd938d2c6134f45ac4,ProvAgent: Threat Detection Based on Identity-Behavior Binding and Multi-Agent Collaborative Attack Investigation,2026,Wenhao Yan; Ning An; Lin Li; Bingsheng Bi; Bo-Sian Jiang; Zhigang Lu; Baoxu Liu; Junrong Liu; Cong Dong,Unknown Venue,https://www.semanticscholar.org/paper/932a511dceb5c9f206119bbd938d2c6134f45ac4,3,B. Machine Learning-Based APT Detection,8,"B.1  Advanced DL, GNN, Federated & Reinforcement Learning",15,D.1.2  Few-Shot & Privacy-Preserving Traffic Detection
fac9ea24dd4711f111768bb62938fe95dccbfa80,An Intelligent Game Theory Framework for Detecting Advanced Persistent Threats,2021,Hao Yan; Qianzhen Zhang; Junjie Xie; Ziyue Lu; Sheng Chen; Deke Guo,International Conference on Parallel and Distributed Systems,https://www.semanticscholar.org/paper/fac9ea24dd4711f111768bb62938fe95dccbfa80,3,B. Machine Learning-Based APT Detection,8,"B.1  Advanced DL, GNN, Federated & Reinforcement Learning",16,"D.1.3  Game Theory, Explainability & IIoT Lateral Movement Defense"
f6d5df0cfd7454251fabc47b37c13610991d876f,Explainable Intelligence-Driven Defense Mechanism Against Advanced Persistent Threats: A Joint Edge Game and AI Approach,2022,Huiling Li; Jun Wu; Hansong Xu; Gaolei Li; M. Guizani,IEEE Transactions on Dependable and Secure Computing,https://www.semanticscholar.org/paper/f6d5df0cfd7454251fabc47b37c13610991d876f,3,B. Machine Learning-Based APT Detection,8,"B.1  Advanced DL, GNN, Federated & Reinforcement Learning",16,"D.1.3  Game Theory, Explainability & IIoT Lateral Movement Defense"
b04ae62c7df3156aeb00e629707e1fdff65bb5ca,Predictive Cyber Defense Remediation against Advanced Persistent Threat in Cyber-Physical Systems,2022,Kamrul Hasan; Sachin Shetty; Tariqul Islam; Imtiaz Ahmed,International Conference on Computer Communications and Networks,https://www.semanticscholar.org/paper/b04ae62c7df3156aeb00e629707e1fdff65bb5ca,3,B. Machine Learning-Based APT Detection,8,"B.1  Advanced DL, GNN, Federated & Reinforcement Learning",16,"D.1.3  Game Theory, Explainability & IIoT Lateral Movement Defense"
563fbfb41970e2064a816f72465c488d74d8c32b,Threat-Path Estimate-Based Watchword-Chunk Algorithm for Advanced Persistent Threat in the Cloud,2022,Babu Pandipati; Bharathiyar University,International Journal of Web Services Research,https://www.igi-global.com/ViewTitle.aspx?TitleId=299021&isxn=9781799893462,3,B. Machine Learning-Based APT Detection,8,"B.1  Advanced DL, GNN, Federated & Reinforcement Learning",16,"D.1.3  Game Theory, Explainability & IIoT Lateral Movement Defense"
984724f2e6d9accebbd25ba28f0f1da0cab08ba3,Missing Data Imputation Based on Causal Inference to Enhance Advanced Persistent Threat Attack Prediction,2024,Xiang Cheng; Miaomiao Kuang; Hongyu Yang,Symmetry,https://www.semanticscholar.org/paper/984724f2e6d9accebbd25ba28f0f1da0cab08ba3,3,B. Machine Learning-Based APT Detection,8,"B.1  Advanced DL, GNN, Federated & Reinforcement Learning",16,"D.1.3  Game Theory, Explainability & IIoT Lateral Movement Defense"
07cbd039af84ef6b755191b217dfe34443676d73,SECaaS-Based Partially Observable Defense Model for IIoT Against Advanced Persistent Threats,2024,Zikai Zhang; Chuntao Ding; Yidong Li; Jinhui Yu; Jingyi Li,IEEE Transactions on Services Computing,https://www.semanticscholar.org/paper/07cbd039af84ef6b755191b217dfe34443676d73,3,B. Machine Learning-Based APT Detection,8,"B.1  Advanced DL, GNN, Federated & Reinforcement Learning",16,"D.1.3  Game Theory, Explainability & IIoT Lateral Movement Defense"
fd8014e80d43959317753b578b36541cb2acbdb4,Dependability Analysis of Cloud‐Based VoIP Under an Advanced Persistent Threat Attack: A Semi‐Markov Approach,2026,Nikesh Choudhary; Vandana Khaitan,Transactions on Emerging Telecommunications Technologies,https://www.semanticscholar.org/paper/fd8014e80d43959317753b578b36541cb2acbdb4,3,B. Machine Learning-Based APT Detection,8,"B.1  Advanced DL, GNN, Federated & Reinforcement Learning",16,"D.1.3  Game Theory, Explainability & IIoT Lateral Movement Defense"
73321244a474eb54cc2ff471ab4d19265108d58e,Framework for Cybersecurity of Edge Computing-Based Mission-Critical Strategies: Employing Trusted Execution Environments and Policy-Driven Access,2026,Shiva Shankar Mummidi; S. Srinivasan,"2026 International Conference on Communication, Computing and Emerging Technologies (IC3ET)",https://www.semanticscholar.org/paper/73321244a474eb54cc2ff471ab4d19265108d58e,3,B. Machine Learning-Based APT Detection,8,"B.1  Advanced DL, GNN, Federated & Reinforcement Learning",16,"D.1.3  Game Theory, Explainability & IIoT Lateral Movement Defense"
54858e895b285d646ffb4de70103b6fb57bf61d1,A Novel Method for Detecting Advanced Persistent Threat Attack Based on Belief Rule Base,2021,Guozhu Wang; Yiwen Cui; Jie Wang; Lihua Wu; Guanyu Hu,Applied Sciences,https://www.mdpi.com/2076-3417/11/21/9899/pdf?version=1635296533,3,B. Machine Learning-Based APT Detection,8,"B.1  Advanced DL, GNN, Federated & Reinforcement Learning",17,"B.1.2  Deep Learning, GNN & Federated Multi-Stage APT Detection"
cd0acf74e6a32d9d70e7f36c23a7c9a030418c31,The Reliability Assessment for Advanced Persistent Threat Defense based on Correlation Evidence Reasoning Rule,2021,Guozhu Wang; Guanyu Hu,"2021 CAA Symposium on Fault Detection, Supervision, and Safety for Technical Processes (SAFEPROCESS)",https://www.semanticscholar.org/paper/cd0acf74e6a32d9d70e7f36c23a7c9a030418c31,3,B. Machine Learning-Based APT Detection,8,"B.1  Advanced DL, GNN, Federated & Reinforcement Learning",17,"B.1.2  Deep Learning, GNN & Federated Multi-Stage APT Detection"
3a3d11b627ecdf312bd7c682fa6bcc286fa6af8b,Few-shot Multi-domain Knowledge Rearming for Context-aware Defence against Advanced Persistent Threats,2023,Gaolei Li; Yuanyuan Zhao; Wenqi Wei; Yuchen Liu,International Conference on Smart Communications and Networking,https://arxiv.org/pdf/2306.07685,3,B. Machine Learning-Based APT Detection,8,"B.1  Advanced DL, GNN, Federated & Reinforcement Learning",17,"B.1.2  Deep Learning, GNN & Federated Multi-Stage APT Detection"
8f3d897702c43d055ae26f52f7e400402d939d22,Privacy-Preserving Few-Shot Traffic Detection Against Advanced Persistent Threats via Federated Meta Learning,2024,Yilun Hu; Jun Wu; Gaolei Li; Jianhua Li; Jinke Cheng,IEEE Transactions on Network Science and Engineering,https://www.semanticscholar.org/paper/8f3d897702c43d055ae26f52f7e400402d939d22,3,B. Machine Learning-Based APT Detection,8,"B.1  Advanced DL, GNN, Federated & Reinforcement Learning",17,"B.1.2  Deep Learning, GNN & Federated Multi-Stage APT Detection"
c5617b93a39f870d57a6a497853de2f1270e85df,Advanced Persistent Threat Detection and Defense Algorithm Based on Multi-source Heterogeneity,2025,Hengwei Ouyang; Feng Xu; Zixin Chen; Yue Yin; Kun Wang,"2025 7th International Conference on Electronics and Communication, Network and Computer Technology (ECNCT)",https://www.semanticscholar.org/paper/c5617b93a39f870d57a6a497853de2f1270e85df,3,B. Machine Learning-Based APT Detection,8,"B.1  Advanced DL, GNN, Federated & Reinforcement Learning",17,"B.1.2  Deep Learning, GNN & Federated Multi-Stage APT Detection"
7bd7a875677864dc001d683896be874fa25362dd,Foureye: Defensive Deception Against Advanced Persistent Threats via Hypergame Theory,2022,Zelin Wan; Jin-Hee Cho; Mu Zhu; Ahmed H. Anwar; Charles A. Kamhoua; Munindar P. Singh,IEEE Transactions on Network and Service Management,https://www.semanticscholar.org/paper/7bd7a875677864dc001d683896be874fa25362dd,3,B. Machine Learning-Based APT Detection,9,"D.1  Deception, Game Theory & Explainable IIoT Defense",18,D.1.1  Hypergame Theory & Defensive Deception Architectures
cdeb64366e12847fb03f687ac329f26815272b96,Resisting Multiple Advanced Persistent Threats via Hypergame-Theoretic Defensive Deception,2023,Zelin Wan; Jin-Hee Cho; Mu Zhu; Ahmed H. Anwar; Charles A. Kamhoua; Munindar P. Singh,IEEE Transactions on Network and Service Management,https://ieeexplore.ieee.org/ielx7/4275028/5699970/10040491.pdf,3,B. Machine Learning-Based APT Detection,9,"D.1  Deception, Game Theory & Explainable IIoT Defense",18,D.1.1  Hypergame Theory & Defensive Deception Architectures
f82e72ebb8f1d8ecab1cb700b95d69ce533a7ab0,Deception Based Defense Architectures for Disrupting Advanced Persistent Threat Operations,2025,Adetomiwa A. Dosunmu; Peter Olusoji Ogundele,Engineering and Technology Journal,https://www.semanticscholar.org/paper/f82e72ebb8f1d8ecab1cb700b95d69ce533a7ab0,3,B. Machine Learning-Based APT Detection,9,"D.1  Deception, Game Theory & Explainable IIoT Defense",19,B.1.1  AI-Driven Cyber Defense & Adaptive Threat Intelligence
e47af1383f92a5c30eb228d07d1ad8862d53929d,A Survey of Emerging DDoS Threats in New Power Systems,2026,Fan Luo; Siqi Fan; Guolin Shao,Italian National Conference on Sensors,https://www.semanticscholar.org/paper/e47af1383f92a5c30eb228d07d1ad8862d53929d,3,B. Machine Learning-Based APT Detection,9,"D.1  Deception, Game Theory & Explainable IIoT Defense",19,B.1.1  AI-Driven Cyber Defense & Adaptive Threat Intelligence
3c66e28252201e178255c6f1141513d67ce4fcc8,AI-Driven Approaches to Improve Cybersecurity in Financial Transactions,2026,Sneha B. Sahane,International Journal for Research in Applied Science and Engineering Technology,https://www.semanticscholar.org/paper/3c66e28252201e178255c6f1141513d67ce4fcc8,3,B. Machine Learning-Based APT Detection,9,"D.1  Deception, Game Theory & Explainable IIoT Defense",19,B.1.1  AI-Driven Cyber Defense & Adaptive Threat Intelligence
63d396061e18f9115cdffab5278b62eed38476a9,AI-Driven Cyber Defense: Enhancing Data Security and Securing Human and Non-Human Identities Against Modern Cyber Attacks,2026,Prabhudas Borkar,International journal on advanced electrical and computer engineering,https://www.semanticscholar.org/paper/63d396061e18f9115cdffab5278b62eed38476a9,3,B. Machine Learning-Based APT Detection,9,"D.1  Deception, Game Theory & Explainable IIoT Defense",19,B.1.1  AI-Driven Cyber Defense & Adaptive Threat Intelligence
30b59cd3bceac63b23ab95503802b49ff2c887ae,Adaptive AI-Driven Threat Intelligence Framework for Proactive Cyber Defense in Dynamic Network Environments,2026,Mohit Garg; Phani Rohitha Kaza; Akash Kilaru; Syed Sadique Basha; Chaitanya Gunupudi; Kalyana Krishna Kondapalli,2026 International Conference on AI-Driven Smart Systems and Ubiquitous Computing (ICAUC),https://www.semanticscholar.org/paper/30b59cd3bceac63b23ab95503802b49ff2c887ae,3,B. Machine Learning-Based APT Detection,9,"D.1  Deception, Game Theory & Explainable IIoT Defense",19,B.1.1  AI-Driven Cyber Defense & Adaptive Threat Intelligence
67dce7063f009fe877c0f822d656035a156edbcc,Exploring and Evaluating the Application of Quantum Computing Techniques in Enhancing the Performance of Intrusion Detection Systems (IDS),2026,D. Fiase; Kwadwo Opoku Attah; N. Nelson; P. Agyeman,International Journal for Research in Applied Science and Engineering Technology,https://www.semanticscholar.org/paper/67dce7063f009fe877c0f822d656035a156edbcc,3,B. Machine Learning-Based APT Detection,9,"D.1  Deception, Game Theory & Explainable IIoT Defense",19,B.1.1  AI-Driven Cyber Defense & Adaptive Threat Intelligence
